[{
	"_id": {
		"$oid": "58bcc9bb558352d3b2d5e374"
	},
	"name": "Ryan",
	"email": "ryan@test.com",
	"subject": "Hello",
	"message": "Whast going on",
	"__v": 0
},
{
	"_id": {
		"$oid": "58bcc9f139a7b6d3d0a3165f"
	},
	"name": "Ryan",
	"email": "ryan@test.com",
	"subject": "Hello",
	"message": "Whast going on",
	"__v": 0
},
{
	"_id": {
		"$oid": "58c46d18300ecddf3a9dcdc2"
	},
	"name": "Julie",
	"email": "Julie@email.com",
	"subject": "Hello!",
	"message": "What time is the race?",
	"__v": 0
},
{
	"_id": {
		"$oid": "58c46d1f300ecddf3a9dcdc3"
	},
	"name": "Julie",
	"email": "Julie@email.com",
	"subject": "Hello!",
	"message": "What time is the race?",
	"__v": 0
},
{
	"_id": {
		"$oid": "58c46d21300ecddf3a9dcdc4"
	},
	"name": "Julie",
	"email": "Julie@email.com",
	"subject": "Hello!",
	"message": "What time is the race?",
	"__v": 0
},
{
	"_id": {
		"$oid": "58c46d22300ecddf3a9dcdc5"
	},
	"name": "Julie",
	"email": "Julie@email.com",
	"subject": "Hello!",
	"message": "What time is the race?",
	"__v": 0
},
{
	"_id": {
		"$oid": "58c46d66300ecddf3a9dcdc6"
	},
	"name": "Julie",
	"email": "j@d.com",
	"subject": "Hello!",
	"message": "What time is the race?",
	"__v": 0
},
{
	"_id": {
		"$oid": "58c47edac3b2c8eef2c3a5d5"
	},
	"name": "Bobby",
	"email": "bobby@gmail.com",
	"subject": "ww",
	"message": "w",
	"__v": 0
},
{
	"_id": {
		"$oid": "58c4c13226d6140c5b7519ff"
	},
	"name": "Scarlet Johnston",
	"email": "sjohn@email.com",
	"subject": "Hello!",
	"message": "What should I bring?",
	"__v": 0
},
{
	"_id": {
		"$oid": "58c4c21026d6140c5b751a00"
	},
	"name": "Brie",
	"email": "Bond@email.com",
	"subject": "Question",
	"message": "When does registration open?",
	"__v": 0
},
{
	"_id": {
		"$oid": "58c5de2f9c60e54cb172bab1"
	},
	"name": "Julie Morriseau",
	"email": "jmorr@email.neit.edu",
	"subject": "Hello!",
	"message": "What time are the snacks?",
	"__v": 0
}]

