[{

          "name": "Lundy Plumbing & Heating, Inc.",
          "link": "#"
        },
        {
          "name": "Liberty Bay Credit Union",
          "link": "#"
        },
        {
          "name": "Taylor Made Contracting, LLC",
          "link": "#"
        },
        {
          "name": "Senator Robert Hedlund",
          "link": "#"
        },
        {
          "name": "Ecratchit, Inc.",
          "link": "#"
        },
        {
          "name": "Michael Molisse, Councilor at Large",
          "link": "#"
        },
        {
          "name": "Friends of Weymouth Public Libraries",
          "link": "#"
        },
        {
          "name": "Joseph T. Cazeault & Sons Inc.",
          "link": "#"
        },
        {
          "name": "Redwood Global Partners",
          "link": "#"
        },
        {
          "name": "Councilor T.J. Lacey",
          "link": "#"
        },
        {
          "name": "Jane Hackett, Councilor at Large",
          "link": "#"
        },
        {
          "name": "Leonard, Mulherin & Greene",
          "link": "#"

}]
